date,product_code,product,variant,sold_quantity,gross_price,gross_total
2021-06-01,A0118150101,"AQ Dracula HDD – 3.5 Inch SATA 6 Gb/s 5400 RPM 256 MB Cache",Standard,205,19.0573,3906.7465
2021-08-01,A0118150101,"AQ Dracula HDD – 3.5 Inch SATA 6 Gb/s 5400 RPM 256 MB Cache",Standard,88,19.0573,1677.0424
2021-06-01,A0118150102,"AQ Dracula HDD – 3.5 Inch SATA 6 Gb/s 5400 RPM 256 MB Cache",Plus,78,21.4565,1673.6070
2021-08-01,A0118150102,"AQ Dracula HDD – 3.5 Inch SATA 6 Gb/s 5400 RPM 256 MB Cache",Plus,196,21.4565,4205.4740
2021-06-01,A0118150103,"AQ Dracula HDD – 3.5 Inch SATA 6 Gb/s 5400 RPM 256 MB Cache",Premium,48,21.7795,1045.4160
2021-08-01,A0118150103,"AQ Dracula HDD – 3.5 Inch SATA 6 Gb/s 5400 RPM 256 MB Cache",Premium,50,21.7795,1088.9750
2021-06-01,A0118150104,"AQ Dracula HDD – 3.5 Inch SATA 6 Gb/s 5400 RPM 256 MB Cache","Premium Plus",126,22.9729,2894.5854
2021-08-01,A0118150104,"AQ Dracula HDD – 3.5 Inch SATA 6 Gb/s 5400 RPM 256 MB Cache","Premium Plus",29,22.9729,666.2141
2021-06-01,A0219150201,"AQ WereWolf NAS Internal Hard Drive HDD – 8.89 cm",Standard,40,23.6987,947.9480
2021-08-01,A0219150201,"AQ WereWolf NAS Internal Hard Drive HDD – 8.89 cm",Standard,95,23.6987,2251.3765
2021-06-01,A0219150202,"AQ WereWolf NAS Internal Hard Drive HDD – 8.89 cm",Plus,102,24.7312,2522.5824
2021-08-01,A0219150202,"AQ WereWolf NAS Internal Hard Drive HDD – 8.89 cm",Plus,117,24.7312,2893.5504
2021-06-01,A0220150203,"AQ WereWolf NAS Internal Hard Drive HDD – 8.89 cm",Premium,31,23.6154,732.0774
2021-08-01,A0220150203,"AQ WereWolf NAS Internal Hard Drive HDD – 8.89 cm",Premium,54,23.6154,1275.2316
2021-06-01,A0320150301,"AQ Zion Saga",Standard,91,23.7223,2158.7293
2021-08-01,A0320150301,"AQ Zion Saga",Standard,243,23.7223,5764.5189
2021-06-01,A0321150302,"AQ Zion Saga",Plus,70,27.1027,1897.1890
2021-08-01,A0321150302,"AQ Zion Saga",Plus,75,27.1027,2032.7025
2021-06-01,A0321150303,"AQ Zion Saga",Premium,145,28.0059,4060.8555
2021-08-01,A0321150303,"AQ Zion Saga",Premium,151,28.0059,4228.8909
2021-06-01,A0418150103,"AQ Mforce Gen X","Standard 3",108,19.5235,2108.5380
2021-08-01,A0418150103,"AQ Mforce Gen X","Standard 3",140,19.5235,2733.2900
2021-06-01,A0418150104,"AQ Mforce Gen X","Plus 1",76,19.9239,1514.2164
2021-08-01,A0418150104,"AQ Mforce Gen X","Plus 1",166,19.9239,3307.3674
2021-06-01,A0418150105,"AQ Mforce Gen X","Plus 2",84,20.0766,1686.4344
2021-08-01,A0418150105,"AQ Mforce Gen X","Plus 2",163,20.0766,3272.4858
2021-06-01,A0418150106,"AQ Mforce Gen X","Plus 3",114,19.9365,2272.7610
2021-08-01,A0418150106,"AQ Mforce Gen X","Plus 3",65,19.9365,1295.8725
2021-06-01,A0519150201,"AQ Mforce Gen Y","Standard 1",58,22.3984,1299.1072
2021-08-01,A0519150201,"AQ Mforce Gen Y","Standard 1",187,22.3984,4188.5008
2021-06-01,A0519150202,"AQ Mforce Gen Y","Standard 2",107,24.9298,2667.4886
2021-08-01,A0519150202,"AQ Mforce Gen Y","Standard 2",167,24.9298,4163.2766
2021-06-01,A0519150203,"AQ Mforce Gen Y","Standard 3",156,26.5871,4147.5876
2021-08-01,A0519150203,"AQ Mforce Gen Y","Standard 3",93,26.5871,2472.6003
2021-06-01,A0519150204,"AQ Mforce Gen Y","Plus 1",78,26.1081,2036.4318
2021-08-01,A0519150204,"AQ Mforce Gen Y","Plus 1",135,26.1081,3524.5935
2021-06-01,A0519150205,"AQ Mforce Gen Y","Plus 2",144,29.7008,4276.9152
2021-08-01,A0519150205,"AQ Mforce Gen Y","Plus 2",82,29.7008,2435.4656
2021-06-01,A0519150206,"AQ Mforce Gen Y","Plus 3",161,31.2439,5030.2679
2021-08-01,A0519150206,"AQ Mforce Gen Y","Plus 3",196,31.2439,6123.8044
2021-06-01,A0519150207,"AQ Mforce Gen Y","Premium 1",126,32.4427,4087.7802
2021-08-01,A0519150207,"AQ Mforce Gen Y","Premium 1",105,32.4427,3406.4835
2021-06-01,A0519150208,"AQ Mforce Gen Y","Premium 2",94,30.5816,2874.6704
2021-08-01,A0519150208,"AQ Mforce Gen Y","Premium 2",64,30.5816,1957.2224
2021-06-01,A0619150301,"AQ Mforce Gen Z","Standard 1",119,30.4696,3625.8824
2021-08-01,A0619150301,"AQ Mforce Gen Z","Standard 1",52,30.4696,1584.4192
2021-06-01,A0619150302,"AQ Mforce Gen Z","Standard 2",149,34.0973,5080.4977
2021-08-01,A0619150302,"AQ Mforce Gen Z","Standard 2",198,34.0973,6751.2654
2021-06-01,A0620150303,"AQ Mforce Gen Z","Standard 3",87,34.2412,2978.9844
2021-08-01,A0620150303,"AQ Mforce Gen Z","Standard 3",94,34.2412,3218.6728
2021-06-01,A0620150304,"AQ Mforce Gen Z","Plus 1",122,37.5826,4585.0772
2021-08-01,A0620150304,"AQ Mforce Gen Z","Plus 1",76,37.5826,2856.2776
2021-06-01,A0620150305,"AQ Mforce Gen Z","Plus 2",25,36.5679,914.1975
2021-08-01,A0620150305,"AQ Mforce Gen Z","Plus 2",28,36.5679,1023.9012
2021-06-01,A0620150306,"AQ Mforce Gen Z","Plus 3",182,37.5278,6830.0596
2021-08-01,A0620150306,"AQ Mforce Gen Z","Plus 3",122,37.5278,4578.3916
2021-06-01,A0621150307,"AQ Mforce Gen Z","Premium 1",57,36.2434,2065.8738
2021-08-01,A0621150307,"AQ Mforce Gen Z","Premium 1",120,36.2434,4349.2080
2021-06-01,A0621150308,"AQ Mforce Gen Z","Premium 2",184,39.3990,7249.4160
2021-08-01,A0621150308,"AQ Mforce Gen Z","Premium 2",140,39.3990,5515.8600
2021-06-01,A0721150401,"AQ GT 21",Standard,119,39.3377,4681.1863
2021-08-01,A0721150401,"AQ GT 21",Standard,129,39.3377,5074.5633
2021-06-01,A0721150402,"AQ GT 21","Plus 1",60,39.1465,2348.7900
2021-08-01,A0721150402,"AQ GT 21","Plus 1",148,39.1465,5793.6820
2021-06-01,A0721150403,"AQ GT 21","Plus 2",188,39.2990,7388.2120
2021-08-01,A0721150403,"AQ GT 21","Plus 2",126,39.2990,4951.6740
2021-06-01,A0721150404,"AQ GT 21",Premium,81,39.1215,3168.8415
2021-08-01,A0721150404,"AQ GT 21",Premium,160,39.1215,6259.4400
2021-06-01,A0821150501,"AQ Marquee P3",Standard,63,40.5013,2551.5819
2021-08-01,A0821150501,"AQ Marquee P3",Standard,138,40.5013,5589.1794
2021-06-01,A0821150502,"AQ Marquee P3","Plus 1",21,43.2966,909.2286
2021-08-01,A0821150502,"AQ Marquee P3","Plus 1",124,43.2966,5368.7784
2021-06-01,A0821150503,"AQ Marquee P3","Plus 2",154,42.3841,6527.1514
2021-08-01,A0821150503,"AQ Marquee P3","Plus 2",176,42.3841,7459.6016
2021-06-01,A0821150504,"AQ Marquee P3",Premium,31,44.7044,1385.8364
2021-08-01,A0821150504,"AQ Marquee P3",Premium,184,44.7044,8225.6096
2021-06-01,A0921150601,"AQ Marquee P4",Standard,132,45.0813,5950.7316
2021-08-01,A0921150601,"AQ Marquee P4",Standard,125,45.0813,5635.1625
2021-06-01,A1018150101,"AQ 5000 Series Electron 9 5900X Desktop Processor",Standard,101,111.1036,11221.4636
2021-08-01,A1018150101,"AQ 5000 Series Electron 9 5900X Desktop Processor",Standard,77,111.1036,8554.9772
2021-06-01,A1018150102,"AQ 5000 Series Electron 9 5900X Desktop Processor",Plus,86,123.4797,10619.2542
2021-08-01,A1018150102,"AQ 5000 Series Electron 9 5900X Desktop Processor",Plus,173,123.4797,21361.9881
2021-06-01,A1018150103,"AQ 5000 Series Electron 9 5900X Desktop Processor",Premium,168,123.9315,20820.4920
2021-08-01,A1018150103,"AQ 5000 Series Electron 9 5900X Desktop Processor",Premium,51,123.9315,6320.5065
2021-06-01,A1118150201,"AQ 5000 Series Electron 8 5900X Desktop Processor",Standard,24,124.2640,2982.3360
2021-08-01,A1118150201,"AQ 5000 Series Electron 8 5900X Desktop Processor",Standard,127,124.2640,15781.5280
2021-06-01,A1118150202,"AQ 5000 Series Electron 8 5900X Desktop Processor",Plus,91,129.5836,11792.1076
2021-08-01,A1118150202,"AQ 5000 Series Electron 8 5900X Desktop Processor",Plus,177,129.5836,22936.2972
2021-06-01,A1119150203,"AQ 5000 Series Electron 8 5900X Desktop Processor",Premium,77,139.8962,10772.0074
2021-08-01,A1119150203,"AQ 5000 Series Electron 8 5900X Desktop Processor",Premium,154,139.8962,21544.0148
2021-06-01,A1219150301,"AQ 5000 Series Ultron 8 5900X Desktop Processor",Standard,181,135.6822,24558.4782
2021-08-01,A1219150301,"AQ 5000 Series Ultron 8 5900X Desktop Processor",Standard,194,135.6822,26322.3468
2021-06-01,A1219150302,"AQ 5000 Series Ultron 8 5900X Desktop Processor",Plus,127,145.1474,18433.7198
2021-08-01,A1219150302,"AQ 5000 Series Ultron 8 5900X Desktop Processor",Plus,82,145.1474,11902.0868
2021-06-01,A1219150303,"AQ 5000 Series Ultron 8 5900X Desktop Processor",Premium,135,142.9402,19296.9270
2021-08-01,A1219150303,"AQ 5000 Series Ultron 8 5900X Desktop Processor",Premium,35,142.9402,5002.9070
2021-06-01,A1319150401,"AQ Electron 5 3600 Desktop Processor",Standard,160,149.1034,23856.5440
2021-08-01,A1319150401,"AQ Electron 5 3600 Desktop Processor",Standard,112,149.1034,16699.5808
2021-06-01,A1320150402,"AQ Electron 5 3600 Desktop Processor",Plus,64,150.2450,9615.6800
2021-08-01,A1320150402,"AQ Electron 5 3600 Desktop Processor",Plus,193,150.2450,28997.2850
2021-06-01,A1320150403,"AQ Electron 5 3600 Desktop Processor",Premium,123,160.6912,19765.0176
2021-08-01,A1320150403,"AQ Electron 5 3600 Desktop Processor",Premium,109,160.6912,17515.3408
2021-06-01,A1420150501,"AQ Electron 4 3600 Desktop Processor",Standard,48,160.5082,7704.3936
2021-08-01,A1420150501,"AQ Electron 4 3600 Desktop Processor",Standard,84,160.5082,13482.6888
2021-06-01,A1420150502,"AQ Electron 4 3600 Desktop Processor",Plus,54,169.4999,9152.9946
2021-08-01,A1420150502,"AQ Electron 4 3600 Desktop Processor",Plus,139,169.4999,23560.4861
2021-06-01,A1421150503,"AQ Electron 4 3600 Desktop Processor",Premium,92,176.4389,16232.3788
2021-08-01,A1421150503,"AQ Electron 4 3600 Desktop Processor",Premium,180,176.4389,31759.0020
2021-06-01,A1521150601,"AQ Electron 3 3600 Desktop Processor",Standard,184,186.2917,34277.6728
2021-08-01,A1521150601,"AQ Electron 3 3600 Desktop Processor",Standard,168,186.2917,31297.0056
2021-06-01,A1521150602,"AQ Electron 3 3600 Desktop Processor",Plus,98,185.4599,18175.0702
2021-08-01,A1521150602,"AQ Electron 3 3600 Desktop Processor",Plus,69,185.4599,12796.7331
2021-06-01,A1618150101,"AQ MB Elite",Standard,124,19.6485,2436.4140
2021-08-01,A1618150101,"AQ MB Elite",Standard,33,19.6485,648.4005
2021-06-01,A1618150102,"AQ MB Elite","Plus 1",124,20.4629,2537.3996
2021-08-01,A1618150102,"AQ MB Elite","Plus 1",41,20.4629,838.9789
2021-06-01,A1618150103,"AQ MB Elite","Plus 2",116,21.2017,2459.3972
2021-08-01,A1618150103,"AQ MB Elite","Plus 2",129,21.2017,2735.0193
2021-06-01,A1618150104,"AQ MB Elite",Premium,38,21.4489,815.0582
2021-08-01,A1618150104,"AQ MB Elite",Premium,50,21.4489,1072.4450
2021-06-01,A1718150201,"AQ MB Crossx",Standard,67,21.8879,1466.4893
2021-08-01,A1718150201,"AQ MB Crossx",Standard,131,21.8879,2867.3149
2021-06-01,A1718150202,"AQ MB Crossx","Plus 1",103,22.8957,2358.2571
2021-08-01,A1718150202,"AQ MB Crossx","Plus 1",81,22.8957,1854.5517
2021-06-01,A1718150203,"AQ MB Crossx","Plus 2",58,27.3445,1585.9810
2021-08-01,A1718150203,"AQ MB Crossx","Plus 2",106,27.3445,2898.5170
2021-06-01,A1718150204,"AQ MB Crossx",Premium,20,28.3991,567.9820
2021-08-01,A1718150204,"AQ MB Crossx",Premium,64,28.3991,1817.5424
2021-06-01,A1819150301,"AQ MB Crossx 2",Standard,98,28.8615,2828.4270
2021-08-01,A1819150301,"AQ MB Crossx 2",Standard,115,28.8615,3319.0725
2021-06-01,A1819150302,"AQ MB Crossx 2","Plus 1",29,31.9525,926.6225
2021-08-01,A1819150302,"AQ MB Crossx 2","Plus 1",122,31.9525,3898.2050
2021-06-01,A1819150303,"AQ MB Crossx 2","Plus 2",58,32.1924,1867.1592
2021-08-01,A1819150303,"AQ MB Crossx 2","Plus 2",75,32.1924,2414.4300
2021-06-01,A1819150304,"AQ MB Crossx 2",Premium,51,32.2612,1645.3212
2021-08-01,A1819150304,"AQ MB Crossx 2",Premium,41,32.2612,1322.7092
2021-06-01,A1919150401,"AQ MB Lito",Standard,61,33.7609,2059.4149
2021-08-01,A1919150401,"AQ MB Lito",Standard,62,33.7609,2093.1758
2021-06-01,A1919150402,"AQ MB Lito","Plus 1",48,35.0256,1681.2288
2021-08-01,A1919150402,"AQ MB Lito","Plus 1",117,35.0256,4097.9952
2021-06-01,A1919150403,"AQ MB Lito","Plus 2",76,35.8350,2723.4600
2021-08-01,A1919150403,"AQ MB Lito","Plus 2",38,35.8350,1361.7300
2021-06-01,A1920150404,"AQ MB Lito",Premium,122,38.9780,4755.3160
2021-08-01,A1920150404,"AQ MB Lito",Premium,100,38.9780,3897.8000
2021-06-01,A2020150501,"AQ MB Lito 2",Standard,134,41.3696,5543.5264
2021-08-01,A2020150501,"AQ MB Lito 2",Standard,102,41.3696,4219.6992
2021-06-01,A2020150502,"AQ MB Lito 2","Plus 1",34,39.3932,1339.3688
2021-08-01,A2020150502,"AQ MB Lito 2","Plus 1",41,39.3932,1615.1212
2021-06-01,A2021150503,"AQ MB Lito 2","Plus 2",142,45.4377,6452.1534
2021-08-01,A2021150503,"AQ MB Lito 2","Plus 2",35,45.4377,1590.3195
2021-06-01,A2118150101,"AQ Master wired x1 Ms","Standard 1",830,2.9434,2443.0220
2021-08-01,A2118150101,"AQ Master wired x1 Ms","Standard 1",216,2.9434,635.7744
2021-06-01,A2118150102,"AQ Master wired x1 Ms","Standard 2",778,3.9998,3111.8444
2021-08-01,A2118150102,"AQ Master wired x1 Ms","Standard 2",287,3.9998,1147.9426
2021-06-01,A2118150103,"AQ Master wired x1 Ms","Plus 1",817,4.5295,3700.6015
2021-08-01,A2118150103,"AQ Master wired x1 Ms","Plus 1",795,4.5295,3600.9525
2021-06-01,A2118150104,"AQ Master wired x1 Ms","Plus 2",892,5.0459,4500.9428
2021-08-01,A2118150104,"AQ Master wired x1 Ms","Plus 2",815,5.0459,4112.4085
2021-06-01,A2118150105,"AQ Master wired x1 Ms","Premium 1",647,4.6904,3034.6888
2021-08-01,A2118150105,"AQ Master wired x1 Ms","Premium 1",659,4.6904,3090.9736
2021-06-01,A2118150106,"AQ Master wired x1 Ms","Premium 2",701,5.2542,3683.1942
2021-08-01,A2118150106,"AQ Master wired x1 Ms","Premium 2",820,5.2542,4308.4440
2021-06-01,A2218150201,"AQ Master wireless x1 Ms","Standard 1",451,5.4383,2452.6733
2021-08-01,A2218150201,"AQ Master wireless x1 Ms","Standard 1",495,5.4383,2691.9585
2021-06-01,A2218150202,"AQ Master wireless x1 Ms","Standard 2",483,6.4054,3093.8082
2021-08-01,A2218150202,"AQ Master wireless x1 Ms","Standard 2",349,6.4054,2235.4846
2021-06-01,A2219150203,"AQ Master wireless x1 Ms","Plus 1",786,6.7301,5289.8586
2021-08-01,A2219150203,"AQ Master wireless x1 Ms","Plus 1",963,6.7301,6481.0863
2021-06-01,A2219150204,"AQ Master wireless x1 Ms","Plus 2",345,7.3526,2536.6470
2021-08-01,A2219150204,"AQ Master wireless x1 Ms","Plus 2",853,7.3526,6271.7678
2021-06-01,A2219150205,"AQ Master wireless x1 Ms","Premium 1",682,7.9813,5443.2466
2021-08-01,A2219150205,"AQ Master wireless x1 Ms","Premium 1",202,7.9813,1612.2226
2021-06-01,A2219150206,"AQ Master wireless x1 Ms","Premium 2",401,8.3193,3336.0393
2021-08-01,A2219150206,"AQ Master wireless x1 Ms","Premium 2",401,8.3193,3336.0393
2021-06-01,A2319150301,"AQ Gamers Ms","Standard 1",512,8.8044,4507.8528
2021-08-01,A2319150301,"AQ Gamers Ms","Standard 1",318,8.8044,2799.7992
2021-06-01,A2319150302,"AQ Gamers Ms","Standard 2",1011,8.9901,9088.9911
2021-08-01,A2319150302,"AQ Gamers Ms","Standard 2",705,8.9901,6338.0205
2021-06-01,A2319150303,"AQ Gamers Ms","Plus 1",237,9.3977,2227.2549
2021-08-01,A2319150303,"AQ Gamers Ms","Plus 1",584,9.3977,5488.2568
2021-06-01,A2319150304,"AQ Gamers Ms","Plus 2",327,10.4573,3419.5371
2021-08-01,A2319150304,"AQ Gamers Ms","Plus 2",828,10.4573,8658.6444
2021-06-01,A2319150305,"AQ Gamers Ms","Premium 1",270,10.4370,2817.9900
2021-08-01,A2319150305,"AQ Gamers Ms","Premium 1",809,10.4370,8443.5330
2021-06-01,A2319150306,"AQ Gamers Ms","Premium 2",256,10.8659,2781.6704
2021-08-01,A2319150306,"AQ Gamers Ms","Premium 2",293,10.8659,3183.7087
2021-06-01,A2419150401,"AQ Lite Ms","Standard 1",310,11.4829,3559.6990
2021-08-01,A2419150401,"AQ Lite Ms","Standard 1",526,11.4829,6040.0054
2021-06-01,A2419150402,"AQ Lite Ms","Standard 2",753,11.2819,8495.2707
2021-08-01,A2419150402,"AQ Lite Ms","Standard 2",196,11.2819,2211.2524
2021-06-01,A2419150403,"AQ Lite Ms","Plus 1",277,10.8925,3017.2225
2021-08-01,A2419150403,"AQ Lite Ms","Plus 1",584,10.8925,6361.2200
2021-06-01,A2419150404,"AQ Lite Ms","Plus 2",520,11.6332,6049.2640
2021-08-01,A2419150404,"AQ Lite Ms","Plus 2",279,11.6332,3245.6628
2021-06-01,A2419150405,"AQ Lite Ms","Premium 1",909,12.7423,11582.7507
2021-08-01,A2419150405,"AQ Lite Ms","Premium 1",341,12.7423,4345.1243
2021-06-01,A2420150406,"AQ Lite Ms","Premium 2",1015,12.2979,12482.3685
2021-08-01,A2420150406,"AQ Lite Ms","Premium 2",643,12.2979,7907.5497
2021-06-01,A2520150501,"AQ Maxima Ms","Standard 1",202,12.0689,2437.9178
2021-08-01,A2520150501,"AQ Maxima Ms","Standard 1",456,12.0689,5503.4184
2021-06-01,A2520150502,"AQ Maxima Ms","Standard 2",133,14.5267,1932.0511
2021-08-01,A2520150502,"AQ Maxima Ms","Standard 2",441,14.5267,6406.2747
2021-06-01,A2520150503,"AQ Maxima Ms","Plus 1",137,14.1682,1941.0434
2021-08-01,A2520150503,"AQ Maxima Ms","Plus 1",1015,14.1682,14380.7230
2021-06-01,A2520150504,"AQ Maxima Ms","Plus 2",740,14.2800,10567.2000
2021-08-01,A2520150504,"AQ Maxima Ms","Plus 2",337,14.2800,4812.3600
2021-06-01,A2520150505,"AQ Maxima Ms","Premium 1",352,15.1762,5342.0224
2021-08-01,A2520150505,"AQ Maxima Ms","Premium 1",639,15.1762,9697.5918
2021-06-01,A2520150506,"AQ Maxima Ms","Premium 2",106,14.5677,1544.1762
2021-08-01,A2520150506,"AQ Maxima Ms","Premium 2",599,14.5677,8726.0523
2021-06-01,A2620150601,"AQ Qwerty Ms","Standard 1",320,14.9013,4768.4160
2021-08-01,A2620150601,"AQ Qwerty Ms","Standard 1",458,14.9013,6824.7954
2021-06-01,A2620150602,"AQ Qwerty Ms","Standard 2",480,15.8102,7588.8960
2021-08-01,A2620150602,"AQ Qwerty Ms","Standard 2",139,15.8102,2197.6178
2021-06-01,A2620150603,"AQ Qwerty Ms","Plus 1",996,15.9792,15915.2832
2021-08-01,A2620150603,"AQ Qwerty Ms","Plus 1",755,15.9792,12064.2960
2021-06-01,A2620150604,"AQ Qwerty Ms","Plus 2",971,16.5491,16069.1761
2021-08-01,A2620150604,"AQ Qwerty Ms","Plus 2",772,16.5491,12775.9052
2021-06-01,A2620150605,"AQ Qwerty Ms","Premium 1",256,16.5882,4246.5792
2021-08-01,A2620150605,"AQ Qwerty Ms","Premium 1",603,16.5882,10002.6846
2021-06-01,A2620150606,"AQ Qwerty Ms","Premium 2",626,16.7850,10507.4100
2021-08-01,A2620150606,"AQ Qwerty Ms","Premium 2",992,16.7850,16650.7200
2021-06-01,A2720150701,"AQ Trigger Ms","Standard 1",391,17.0917,6682.8547
2021-08-01,A2720150701,"AQ Trigger Ms","Standard 1",817,17.0917,13963.9189
2021-06-01,A2721150702,"AQ Trigger Ms","Standard 2",811,17.2368,13979.0448
2021-08-01,A2721150702,"AQ Trigger Ms","Standard 2",795,17.2368,13703.2560
2021-06-01,A2721150703,"AQ Trigger Ms","Plus 1",553,16.9353,9365.2209
2021-08-01,A2721150703,"AQ Trigger Ms","Plus 1",125,16.9353,2116.9125
2021-06-01,A2721150704,"AQ Trigger Ms","Plus 2",942,19.5860,18450.0120
2021-08-01,A2721150704,"AQ Trigger Ms","Plus 2",235,19.5860,4602.7100
2021-06-01,A2721150705,"AQ Trigger Ms","Premium 1",734,19.4042,14242.6828
2021-08-01,A2721150705,"AQ Trigger Ms","Premium 1",146,19.4042,2833.0132
2021-06-01,A2721150706,"AQ Trigger Ms","Premium 2",499,20.0537,10006.7963
2021-08-01,A2721150706,"AQ Trigger Ms","Premium 2",915,20.0537,18349.1355
2021-06-01,A2821150801,"AQ Lumina Ms","Standard 1",582,21.7118,12636.2676
2021-08-01,A2821150801,"AQ Lumina Ms","Standard 1",214,21.7118,4646.3252
2021-06-01,A2918150101,"AQ Master wired x1","Standard 1",329,6.8991,2269.8039
2021-08-01,A2918150101,"AQ Master wired x1","Standard 1",561,6.8991,3870.3951
2021-06-01,A2918150102,"AQ Master wired x1","Standard 2",440,7.5979,3343.0760
2021-08-01,A2918150102,"AQ Master wired x1","Standard 2",206,7.5979,1565.1674
2021-06-01,A2918150103,"AQ Master wired x1","Plus 1",854,7.7693,6634.9822
2021-08-01,A2918150103,"AQ Master wired x1","Plus 1",825,7.7693,6409.6725
2021-06-01,A2918150104,"AQ Master wired x1","Plus 2",194,8.9514,1736.5716
2021-08-01,A2918150104,"AQ Master wired x1","Plus 2",620,8.9514,5549.8680
2021-06-01,A2918150105,"AQ Master wired x1","Premium 1",410,9.4650,3880.6500
2021-08-01,A2918150105,"AQ Master wired x1","Premium 1",801,9.4650,7581.4650
2021-06-01,A2918150106,"AQ Master wired x1","Premium 2",625,10.4188,6511.7500
2021-08-01,A2918150106,"AQ Master wired x1","Premium 2",692,10.4188,7209.8096
2021-06-01,A3018150201,"AQ Master wireless x1","Standard 1",359,10.7955,3875.5845
2021-08-01,A3018150201,"AQ Master wireless x1","Standard 1",836,10.7955,9025.0380
2021-06-01,A3018150202,"AQ Master wireless x1","Standard 2",292,11.0524,3227.3008
2021-08-01,A3018150202,"AQ Master wireless x1","Standard 2",385,11.0524,4255.1740
2021-06-01,A3018150203,"AQ Master wireless x1","Plus 1",850,12.3739,10517.8150
2021-08-01,A3018150203,"AQ Master wireless x1","Plus 1",312,12.3739,3860.6568
2021-06-01,A3019150204,"AQ Master wireless x1","Plus 2",514,11.6011,5962.9654
2021-08-01,A3019150204,"AQ Master wireless x1","Plus 2",741,11.6011,8596.4151
2021-06-01,A3019150205,"AQ Master wireless x1","Premium 1",414,12.0509,4989.0726
2021-08-01,A3019150205,"AQ Master wireless x1","Premium 1",319,12.0509,3844.2371
2021-06-01,A3019150206,"AQ Master wireless x1","Premium 2",356,13.0018,4628.6408
2021-08-01,A3019150206,"AQ Master wireless x1","Premium 2",720,13.0018,9361.2960
2021-06-01,A3119150301,"AQ Gamers ","Standard 1",817,13.5061,11034.4837
2021-08-01,A3119150301,"AQ Gamers ","Standard 1",287,13.5061,3876.2507
2021-06-01,A3119150302,"AQ Gamers ","Standard 2",815,15.3071,12475.2865
2021-08-01,A3119150302,"AQ Gamers ","Standard 2",389,15.3071,5954.4619
2021-06-01,A3119150303,"AQ Gamers ","Plus 1",642,16.2407,10426.5294
2021-08-01,A3119150303,"AQ Gamers ","Plus 1",688,16.2407,11173.6016
2021-06-01,A3120150304,"AQ Gamers ","Plus 2",593,16.3792,9712.8656
2021-08-01,A3120150304,"AQ Gamers ","Plus 2",736,16.3792,12055.0912
2021-06-01,A3120150305,"AQ Gamers ","Premium 1",840,16.3218,13710.3120
2021-08-01,A3120150305,"AQ Gamers ","Premium 1",118,16.3218,1925.9724
2021-06-01,A3120150306,"AQ Gamers ","Premium 2",736,19.3003,14205.0208
2021-08-01,A3120150306,"AQ Gamers ","Premium 2",486,19.3003,9379.9458
2021-06-01,A3220150401,"AQ Lite","Standard 1",477,18.4943,8821.7811
2021-08-01,A3220150401,"AQ Lite","Standard 1",475,18.4943,8784.7925
2021-06-01,A3220150402,"AQ Lite","Standard 2",239,18.7947,4491.9333
2021-08-01,A3220150402,"AQ Lite","Standard 2",803,18.7947,15092.1441
2021-06-01,A3220150403,"AQ Lite","Plus 1",95,18.5844,1765.5180
2021-08-01,A3220150403,"AQ Lite","Plus 1",500,18.5844,9292.2000
2021-06-01,A3220150404,"AQ Lite","Plus 2",442,18.4219,8142.4798
2021-08-01,A3220150404,"AQ Lite","Plus 2",146,18.4219,2689.5974
2021-06-01,A3220150405,"AQ Lite","Premium 1",737,18.9415,13959.8855
2021-08-01,A3220150405,"AQ Lite","Premium 1",840,18.9415,15910.8600
2021-06-01,A3220150406,"AQ Lite","Premium 2",658,20.0066,13164.3428
2021-08-01,A3220150406,"AQ Lite","Premium 2",456,20.0066,9123.0096
2021-06-01,A3320150501,"AQ Maxima","Standard 1",632,20.3908,12886.9856
2021-08-01,A3320150501,"AQ Maxima","Standard 1",845,20.3908,17230.2260
2021-06-01,A3320150502,"AQ Maxima","Standard 2",431,21.6988,9352.1828
2021-08-01,A3320150502,"AQ Maxima","Standard 2",102,21.6988,2213.2776
2021-06-01,A3320150503,"AQ Maxima","Plus 1",438,20.8733,9142.5054
2021-08-01,A3320150503,"AQ Maxima","Plus 1",389,20.8733,8119.7137
2021-06-01,A3320150504,"AQ Maxima","Plus 2",604,22.1341,13368.9964
2021-08-01,A3320150504,"AQ Maxima","Plus 2",509,22.1341,11266.2569
2021-06-01,A3320150505,"AQ Maxima","Premium 1",496,23.0844,11449.8624
2021-08-01,A3320150505,"AQ Maxima","Premium 1",139,23.0844,3208.7316
2021-06-01,A3320150506,"AQ Maxima","Premium 2",414,23.7678,9839.8692
2021-08-01,A3320150506,"AQ Maxima","Premium 2",100,23.7678,2376.7800
2021-06-01,A3420150601,"AQ Qwerty","Standard 1",676,24.5690,16608.6440
2021-08-01,A3420150601,"AQ Qwerty","Standard 1",414,24.5690,10171.5660
2021-06-01,A3420150602,"AQ Qwerty","Standard 2",824,23.9726,19753.4224
2021-08-01,A3420150602,"AQ Qwerty","Standard 2",583,23.9726,13976.0258
2021-06-01,A3421150603,"AQ Qwerty","Plus 1",266,26.9507,7168.8862
2021-08-01,A3421150603,"AQ Qwerty","Plus 1",620,26.9507,16709.4340
2021-06-01,A3421150604,"AQ Qwerty","Plus 2",190,27.4152,5208.8880
2021-08-01,A3421150604,"AQ Qwerty","Plus 2",546,27.4152,14968.6992
2021-06-01,A3421150605,"AQ Qwerty","Premium 1",222,29.8692,6630.9624
2021-08-01,A3421150605,"AQ Qwerty","Premium 1",491,29.8692,14665.7772
2021-06-01,A3421150606,"AQ Qwerty","Premium 2",523,29.6709,15517.8807
2021-08-01,A3421150606,"AQ Qwerty","Premium 2",517,29.6709,15339.8553
2021-06-01,A3521150701,"AQ Trigger","Standard 1",241,29.3872,7082.3152
2021-08-01,A3521150701,"AQ Trigger","Standard 1",875,29.3872,25713.8000
2021-06-01,A3521150702,"AQ Trigger","Standard 2",671,30.3414,20359.0794
2021-08-01,A3521150702,"AQ Trigger","Standard 2",614,30.3414,18629.6196
2021-06-01,A3521150703,"AQ Trigger","Plus 1",456,31.7665,14485.5240
2021-08-01,A3521150703,"AQ Trigger","Plus 1",380,31.7665,12071.2700
2021-06-01,A3521150704,"AQ Trigger","Plus 2",396,33.6246,13315.3416
2021-08-01,A3521150704,"AQ Trigger","Plus 2",611,33.6246,20544.6306
2021-06-01,A3521150705,"AQ Trigger","Premium 1",188,34.5114,6488.1432
2021-08-01,A3521150705,"AQ Trigger","Premium 1",394,34.5114,13597.4916
2021-06-01,A3718150101,"AQ LION x1",Standard,60,16.5127,990.7620
2021-08-01,A3718150101,"AQ LION x1",Standard,53,16.5127,875.1731
2021-06-01,A3718150102,"AQ LION x1","Plus 1 ",65,16.1015,1046.5975
2021-08-01,A3718150102,"AQ LION x1","Plus 1 ",55,16.1015,885.5825
2021-06-01,A3718150103,"AQ LION x1","Plus 2",68,17.5697,1194.7396
2021-08-01,A3718150103,"AQ LION x1","Plus 2",38,17.5697,667.6486
2021-06-01,A3718150105,"AQ LION x1",Premium,27,18.0312,486.8424
2021-08-01,A3718150105,"AQ LION x1",Premium,68,18.0312,1226.1216
2021-06-01,A3818150201,"AQ LION x2",Standard,56,17.2648,966.8288
2021-08-01,A3818150201,"AQ LION x2",Standard,71,17.2648,1225.8008
2021-06-01,A3818150202,"AQ LION x2","Plus 1 ",16,17.5197,280.3152
2021-08-01,A3818150202,"AQ LION x2","Plus 1 ",21,17.5197,367.9137
2021-06-01,A3819150203,"AQ LION x2","Plus 2",53,18.4533,978.0249
2021-08-01,A3819150203,"AQ LION x2","Plus 2",76,18.4533,1402.4508
2021-06-01,A3819150204,"AQ LION x2","Plus 3",11,21.1942,233.1362
2021-08-01,A3819150204,"AQ LION x2","Plus 3",56,21.1942,1186.8752
2021-06-01,A3819150205,"AQ LION x2",Premium,21,21.6066,453.7386
2021-08-01,A3819150205,"AQ LION x2",Premium,54,21.6066,1166.7564
2021-06-01,A3920150301,"AQ LION x3",Standard,32,22.1454,708.6528
2021-08-01,A3920150301,"AQ LION x3",Standard,29,22.1454,642.2166
2021-06-01,A3920150302,"AQ LION x3","Plus 1 ",36,23.1520,833.4720
2021-08-01,A3920150302,"AQ LION x3","Plus 1 ",31,23.1520,717.7120
2021-06-01,A3920150303,"AQ LION x3","Plus 2",69,25.4670,1757.2230
2021-08-01,A3920150303,"AQ LION x3","Plus 2",22,25.4670,560.2740
2021-06-01,A3920150304,"AQ LION x3","Plus 3",85,25.0442,2128.7570
2021-08-01,A3920150304,"AQ LION x3","Plus 3",71,25.0442,1778.1382
2021-06-01,A3920150305,"AQ LION x3",Premium,74,27.4546,2031.6404
2021-08-01,A3920150305,"AQ LION x3",Premium,53,27.4546,1455.0938
2021-06-01,A4020150401,"AQ Mx NB",Standard,78,26.9302,2100.5556
2021-08-01,A4020150401,"AQ Mx NB",Standard,62,26.9302,1669.6724
2021-06-01,A4020150402,"AQ Mx NB","Plus 1 ",10,28.4500,284.5000
2021-08-01,A4020150402,"AQ Mx NB","Plus 1 ",72,28.4500,2048.4000
2021-06-01,A4021150403,"AQ Mx NB","Plus 2",41,29.9423,1227.6343
2021-08-01,A4021150403,"AQ Mx NB","Plus 2",34,29.9423,1018.0382
2021-06-01,A4021150404,"AQ Mx NB","Plus 3",45,28.5800,1286.1000
2021-08-01,A4021150404,"AQ Mx NB","Plus 3",76,28.5800,2172.0800
2021-06-01,A4021150405,"AQ Mx NB",Premium,36,31.7029,1141.3044
2021-08-01,A4021150405,"AQ Mx NB",Premium,44,31.7029,1394.9276
2021-06-01,A4118110105,"AQ Aspiron","Plus Blue",30,182.8932,5486.7960
2021-08-01,A4118110105,"AQ Aspiron","Plus Blue",14,182.8932,2560.5048
2021-06-01,A4118110106,"AQ Aspiron","Plus Red",11,187.7533,2065.2863
2021-08-01,A4118110106,"AQ Aspiron","Plus Red",8,187.7533,1502.0264
2021-06-01,A4118110107,"AQ Aspiron","Premium Black",30,195.7721,5873.1630
2021-08-01,A4118110107,"AQ Aspiron","Premium Black",28,195.7721,5481.6188
2021-06-01,A4218110201,"AQ Digit","Standard Grey",15,200.2732,3004.0980
2021-08-01,A4218110201,"AQ Digit","Standard Grey",23,200.2732,4606.2836
2021-06-01,A4218110202,"AQ Digit","Standard Blue",27,215.9341,5830.2207
2021-08-01,A4218110202,"AQ Digit","Standard Blue",11,215.9341,2375.2751
2021-06-01,A4218110203,"AQ Digit","Standard Red",26,236.8486,6158.0636
2021-08-01,A4218110203,"AQ Digit","Standard Red",33,236.8486,7816.0038
2021-06-01,A4218110204,"AQ Digit","Plus Grey",12,232.1038,2785.2456
2021-08-01,A4218110204,"AQ Digit","Plus Grey",28,232.1038,6498.9064
2021-06-01,A4218110205,"AQ Digit","Plus Blue",14,240.1403,3361.9642
2021-08-01,A4218110205,"AQ Digit","Plus Blue",8,240.1403,1921.1224
2021-06-01,A4218110206,"AQ Digit","Plus Red",40,237.0183,9480.7320
2021-08-01,A4218110206,"AQ Digit","Plus Red",22,237.0183,5214.4026
2021-06-01,A4218110207,"AQ Digit","Premium Black",38,249.1303,9466.9514
2021-08-01,A4218110207,"AQ Digit","Premium Black",28,249.1303,6975.6484
2021-06-01,A4218110208,"AQ Digit","Premium Misty Green",39,243.0414,9478.6146
2021-08-01,A4218110208,"AQ Digit","Premium Misty Green",16,243.0414,3888.6624
2021-06-01,A4318110301,"AQ Velocity","Standard Grey",39,264.7000,10323.3000
2021-08-01,A4318110301,"AQ Velocity","Standard Grey",32,264.7000,8470.4000
2021-06-01,A4319110302,"AQ Velocity","Standard Blue",34,267.2091,9085.1094
2021-08-01,A4319110302,"AQ Velocity","Standard Blue",32,267.2091,8550.6912
2021-06-01,A4319110303,"AQ Velocity","Standard Red",21,261.2305,5485.8405
2021-08-01,A4319110303,"AQ Velocity","Standard Red",28,261.2305,7314.4540
2021-06-01,A4319110304,"AQ Velocity","Plus Grey",12,267.0636,3204.7632
2021-08-01,A4319110304,"AQ Velocity","Plus Grey",36,267.0636,9614.2896
2021-06-01,A4319110305,"AQ Velocity","Plus Blue",9,277.8079,2500.2711
2021-08-01,A4319110305,"AQ Velocity","Plus Blue",34,277.8079,9445.4686
2021-06-01,A4319110306,"AQ Velocity","Plus Red",40,275.8194,11032.7760
2021-08-01,A4319110306,"AQ Velocity","Plus Red",19,275.8194,5240.5686
2021-06-01,A4419110401,"AQ Elite","Standard Grey",30,271.3471,8140.4130
2021-08-01,A4419110401,"AQ Elite","Standard Grey",25,271.3471,6783.6775
2021-06-01,A4419110402,"AQ Elite","Standard Blue",28,281.9504,7894.6112
2021-08-01,A4419110402,"AQ Elite","Standard Blue",36,281.9504,10150.2144
2021-06-01,A4419110403,"AQ Elite","Standard Red",14,288.0503,4032.7042
2021-08-01,A4419110403,"AQ Elite","Standard Red",39,288.0503,11233.9617
2021-06-01,A4419110404,"AQ Elite","Plus Grey",7,286.8973,2008.2811
2021-08-01,A4419110404,"AQ Elite","Plus Grey",34,286.8973,9754.5082
2021-06-01,A4419110405,"AQ Elite","Plus Blue",32,291.2071,9318.6272
2021-08-01,A4419110405,"AQ Elite","Plus Blue",28,291.2071,8153.7988
2021-06-01,A4419110406,"AQ Elite","Plus Red",11,287.5666,3163.2326
2021-08-01,A4419110406,"AQ Elite","Plus Red",23,287.5666,6614.0318
2021-06-01,A4419110407,"AQ Elite","Premium Black",27,287.4934,7762.3218
2021-08-01,A4419110407,"AQ Elite","Premium Black",9,287.4934,2587.4406
2021-06-01,A4419110408,"AQ Elite","Premium Misty Green",30,297.0277,8910.8310
2021-08-01,A4419110408,"AQ Elite","Premium Misty Green",9,297.0277,2673.2493
2021-06-01,A4519110501,"AQ Gen X","Standard Grey",7,311.8396,2182.8772
2021-08-01,A4519110501,"AQ Gen X","Standard Grey",13,311.8396,4053.9148
2021-06-01,A4519110502,"AQ Gen X","Standard Blue",30,300.3378,9010.1340
2021-08-01,A4519110502,"AQ Gen X","Standard Blue",37,300.3378,11112.4986
2021-06-01,A4519110503,"AQ Gen X","Standard Red",20,306.9189,6138.3780
2021-08-01,A4519110503,"AQ Gen X","Standard Red",39,306.9189,11969.8371
2021-06-01,A4520110504,"AQ Gen X","Plus Grey",14,341.7343,4784.2802
2021-08-01,A4520110504,"AQ Gen X","Plus Grey",38,341.7343,12985.9034
2021-06-01,A4520110505,"AQ Gen X","Plus Blue",25,325.2156,8130.3900
2021-08-01,A4520110505,"AQ Gen X","Plus Blue",28,325.2156,9106.0368
2021-06-01,A4520110506,"AQ Gen X","Plus Red",27,325.2561,8781.9147
2021-08-01,A4520110506,"AQ Gen X","Plus Red",39,325.2561,12684.9879
2021-06-01,A4520110507,"AQ Gen X","Premium Black",7,322.9426,2260.5982
2021-08-01,A4520110507,"AQ Gen X","Premium Black",30,322.9426,9688.2780
2021-06-01,A4520110508,"AQ Gen X","Premium Misty Green",13,327.0930,4252.2090
2021-08-01,A4520110508,"AQ Gen X","Premium Misty Green",30,327.0930,9812.7900
2021-06-01,A4620110601,"AQ Gen Y","Standard Grey",24,347.2474,8333.9376
2021-08-01,A4620110601,"AQ Gen Y","Standard Grey",37,347.2474,12848.1538
2021-06-01,A4620110602,"AQ Gen Y","Standard Blue",27,346.6886,9360.5922
2021-08-01,A4620110602,"AQ Gen Y","Standard Blue",23,346.6886,7973.8378
2021-06-01,A4620110603,"AQ Gen Y","Standard Red",24,366.0459,8785.1016
2021-08-01,A4620110603,"AQ Gen Y","Standard Red",31,366.0459,11347.4229
2021-06-01,A4620110604,"AQ Gen Y","Plus Grey",25,353.0982,8827.4550
2021-08-01,A4620110604,"AQ Gen Y","Plus Grey",14,353.0982,4943.3748
2021-06-01,A4620110605,"AQ Gen Y","Plus Blue",20,349.2525,6985.0500
2021-08-01,A4620110605,"AQ Gen Y","Plus Blue",13,349.2525,4540.2825
2021-06-01,A4620110606,"AQ Gen Y","Plus Red",8,348.5375,2788.3000
2021-08-01,A4620110606,"AQ Gen Y","Plus Red",35,348.5375,12198.8125
2021-06-01,A4620110607,"AQ Gen Y","Premium Black",13,347.8030,4521.4390
2021-08-01,A4620110607,"AQ Gen Y","Premium Black",32,347.8030,11129.6960
2021-06-01,A4620110608,"AQ Gen Y","Premium Misty Green",19,363.0630,6898.1970
2021-08-01,A4620110608,"AQ Gen Y","Premium Misty Green",18,363.0630,6535.1340
2021-06-01,A4720110701,"AQ GEN Z","Standard Grey",37,367.7335,13606.1395
2021-08-01,A4720110701,"AQ GEN Z","Standard Grey",9,367.7335,3309.6015
2021-06-01,A4720110702,"AQ GEN Z","Standard Blue",20,371.4027,7428.0540
2021-08-01,A4720110702,"AQ GEN Z","Standard Blue",26,371.4027,9656.4702
2021-06-01,A4721110703,"AQ GEN Z","Standard Red",22,361.6496,7956.2912
2021-08-01,A4721110703,"AQ GEN Z","Standard Red",32,361.6496,11572.7872
2021-06-01,A4721110704,"AQ GEN Z","Plus Grey",36,380.2153,13687.7508
2021-08-01,A4721110704,"AQ GEN Z","Plus Grey",13,380.2153,4942.7989
2021-06-01,A4721110705,"AQ GEN Z","Plus Blue",27,377.4069,10189.9863
2021-08-01,A4721110705,"AQ GEN Z","Plus Blue",23,377.4069,8680.3587
2021-06-01,A4918110101,"AQ BZ 101","Standard Grey",25,419.1936,10479.8400
2021-08-01,A4918110101,"AQ BZ 101","Standard Grey",7,419.1936,2934.3552
2021-06-01,A4918110102,"AQ BZ 101","Standard Blue",8,451.4881,3611.9048
2021-08-01,A4918110102,"AQ BZ 101","Standard Blue",21,451.4881,9481.2501
2021-06-01,A4918110103,"AQ BZ 101","Premium Black",20,428.1451,8562.9020
2021-08-01,A4918110103,"AQ BZ 101","Premium Black",5,428.1451,2140.7255
2021-06-01,A4918110104,"AQ BZ 101","Premium Misty Green",23,460.2805,10586.4515
2021-08-01,A4918110104,"AQ BZ 101","Premium Misty Green",18,460.2805,8285.0490
2021-06-01,A5018110201,"AQ BZ Compact","Standard Grey",19,451.7049,8582.3931
2021-08-01,A5018110201,"AQ BZ Compact","Standard Grey",13,451.7049,5872.1637
2021-06-01,A5018110202,"AQ BZ Compact","Standard Blue",14,462.5568,6475.7952
2021-08-01,A5018110202,"AQ BZ Compact","Standard Blue",19,462.5568,8788.5792
2021-06-01,A5018110203,"AQ BZ Compact","Standard Red",15,452.1420,6782.1300
2021-08-01,A5018110203,"AQ BZ Compact","Standard Red",12,452.1420,5425.7040
2021-06-01,A5018110204,"AQ BZ Compact","Plus Grey",26,447.7337,11641.0762
2021-08-01,A5018110204,"AQ BZ Compact","Plus Grey",22,447.7337,9850.1414
2021-06-01,A5018110205,"AQ BZ Compact","Plus Blue",24,486.1763,11668.2312
2021-08-01,A5018110205,"AQ BZ Compact","Plus Blue",11,486.1763,5347.9393
2021-06-01,A5018110206,"AQ BZ Compact","Plus Red",13,475.5544,6182.2072
2021-08-01,A5018110206,"AQ BZ Compact","Plus Red",6,475.5544,2853.3264
2021-06-01,A5018110207,"AQ BZ Compact","Premium Black",7,475.1904,3326.3328
2021-08-01,A5018110207,"AQ BZ Compact","Premium Black",9,475.1904,4276.7136
2021-06-01,A5019110208,"AQ BZ Compact","Premium Misty Green",16,467.3047,7476.8752
2021-08-01,A5019110208,"AQ BZ Compact","Premium Misty Green",21,467.3047,9813.3987
2021-06-01,A5119110301,"AQ BZ Gen Y","Standard Grey",7,479.0441,3353.3087
2021-08-01,A5119110301,"AQ BZ Gen Y","Standard Grey",18,479.0441,8622.7938
2021-06-01,A5119110302,"AQ BZ Gen Y","Standard Blue",10,474.3132,4743.1320
2021-08-01,A5119110302,"AQ BZ Gen Y","Standard Blue",17,474.3132,8063.3244
2021-06-01,A5119110303,"AQ BZ Gen Y","Standard Red",24,474.3154,11383.5696
2021-08-01,A5119110303,"AQ BZ Gen Y","Standard Red",15,474.3154,7114.7310
2021-06-01,A5119110305,"AQ BZ Gen Y","Plus Blue",28,483.3813,13534.6764
2021-08-01,A5119110305,"AQ BZ Gen Y","Plus Blue",23,483.3813,11117.7699
2021-06-01,A5119110306,"AQ BZ Gen Y","Plus Red",17,486.4857,8270.2569
2021-08-01,A5119110306,"AQ BZ Gen Y","Plus Red",12,486.4857,5837.8284
2021-06-01,A5119110307,"AQ BZ Gen Y","Premium Black",5,516.4580,2582.2900
2021-08-01,A5119110307,"AQ BZ Gen Y","Premium Black",17,516.4580,8779.7860
2021-06-01,A5119110308,"AQ BZ Gen Y","Premium Misty Green",29,512.5811,14864.8519
2021-08-01,A5119110308,"AQ BZ Gen Y","Premium Misty Green",26,512.5811,13327.1086
2021-06-01,A5219110401,"AQ BZ Gen Z","Standard Grey",21,506.9644,10646.2524
2021-08-01,A5219110401,"AQ BZ Gen Z","Standard Grey",13,506.9644,6590.5372
2021-06-01,A5219110402,"AQ BZ Gen Z","Standard Blue",16,490.1582,7842.5312
2021-08-01,A5219110402,"AQ BZ Gen Z","Standard Blue",24,490.1582,11763.7968
2021-06-01,A5219110403,"AQ BZ Gen Z","Standard Red",10,525.8042,5258.0420
2021-08-01,A5219110403,"AQ BZ Gen Z","Standard Red",25,525.8042,13145.1050
2021-06-01,A5219110405,"AQ BZ Gen Z","Plus Blue",14,521.2603,7297.6442
2021-08-01,A5219110405,"AQ BZ Gen Z","Plus Blue",21,521.2603,10946.4663
2021-06-01,A5219110406,"AQ BZ Gen Z","Plus Red",13,550.4597,7155.9761
2021-08-01,A5219110406,"AQ BZ Gen Z","Plus Red",7,550.4597,3853.2179
2021-06-01,A5219110407,"AQ BZ Gen Z","Premium Black",12,545.5931,6547.1172
2021-08-01,A5219110407,"AQ BZ Gen Z","Premium Black",12,545.5931,6547.1172
2021-06-01,A5220110408,"AQ BZ Gen Z","Premium Misty Green",22,533.0397,11726.8734
2021-08-01,A5220110408,"AQ BZ Gen Z","Premium Misty Green",9,533.0397,4797.3573
2021-06-01,A5318110103,"AQ Gamer 1","Standard Black",15,584.9722,8774.5830
2021-08-01,A5318110103,"AQ Gamer 1","Standard Black",10,584.9722,5849.7220
2021-06-01,A5318110104,"AQ Gamer 1","Plus Firey Red",7,586.3824,4104.6768
2021-08-01,A5318110104,"AQ Gamer 1","Plus Firey Red",12,586.3824,7036.5888
2021-06-01,A5318110105,"AQ Gamer 1","Plus Cool Blue",8,551.3303,4410.6424
2021-08-01,A5318110105,"AQ Gamer 1","Plus Cool Blue",10,551.3303,5513.3030
2021-06-01,A5318110106,"AQ Gamer 1","Plus Black",10,565.8747,5658.7470
2021-08-01,A5318110106,"AQ Gamer 1","Plus Black",7,565.8747,3961.1229
2021-06-01,A5318110107,"AQ Gamer 1","Premium Black",12,571.6489,6859.7868
2021-08-01,A5318110107,"AQ Gamer 1","Premium Black",9,571.6489,5144.8401
2021-06-01,A5318110108,"AQ Gamer 1","Premium Misty Green",8,579.6609,4637.2872
2021-08-01,A5318110108,"AQ Gamer 1","Premium Misty Green",14,579.6609,8115.2526
2021-06-01,A5419110201,"AQ Gamer 2","Standard Firey Red",10,585.0003,5850.0030
2021-08-01,A5419110201,"AQ Gamer 2","Standard Firey Red",4,585.0003,2340.0012
2021-06-01,A5419110202,"AQ Gamer 2","Standard Cool Blue",10,567.9271,5679.2710
2021-08-01,A5419110202,"AQ Gamer 2","Standard Cool Blue",6,567.9271,3407.5626
2021-06-01,A5419110203,"AQ Gamer 2","Standard Black",16,595.5711,9529.1376
2021-08-01,A5419110203,"AQ Gamer 2","Standard Black",12,595.5711,7146.8532
2021-06-01,A5419110204,"AQ Gamer 2","Plus Firey Red",15,602.9200,9043.8000
2021-08-01,A5419110204,"AQ Gamer 2","Plus Firey Red",14,602.9200,8440.8800
2021-06-01,A5419110205,"AQ Gamer 2","Plus Cool Blue",13,570.7578,7419.8514
2021-08-01,A5419110205,"AQ Gamer 2","Plus Cool Blue",12,570.7578,6849.0936
2021-06-01,A5419110206,"AQ Gamer 2","Plus Black",7,601.6398,4211.4786
2021-08-01,A5419110206,"AQ Gamer 2","Plus Black",4,601.6398,2406.5592
2021-06-01,A5419110207,"AQ Gamer 2","Premium Black",6,599.2302,3595.3812
2021-08-01,A5419110207,"AQ Gamer 2","Premium Black",8,599.2302,4793.8416
2021-06-01,A5419110208,"AQ Gamer 2","Premium Misty Green",6,608.4070,3650.4420
2021-08-01,A5419110208,"AQ Gamer 2","Premium Misty Green",10,608.4070,6084.0700
2021-06-01,A5519110301,"AQ Gamer 3","Standard Firey Red",15,589.7411,8846.1165
2021-08-01,A5519110301,"AQ Gamer 3","Standard Firey Red",5,589.7411,2948.7055
2021-06-01,A5519110302,"AQ Gamer 3","Standard Cool Blue",12,605.8642,7270.3704
2021-08-01,A5519110302,"AQ Gamer 3","Standard Cool Blue",10,605.8642,6058.6420
2021-06-01,A5519110303,"AQ Gamer 3","Standard Black",3,604.2721,1812.8163
2021-08-01,A5519110303,"AQ Gamer 3","Standard Black",11,604.2721,6646.9931
2021-06-01,A5519110304,"AQ Gamer 3","Plus Firey Red",15,597.7704,8966.5560
2021-08-01,A5519110304,"AQ Gamer 3","Plus Firey Red",6,597.7704,3586.6224
2021-06-01,A5520110305,"AQ Gamer 3","Plus Cool Blue",12,632.4885,7589.8620
2021-08-01,A5520110305,"AQ Gamer 3","Plus Cool Blue",13,632.4885,8222.3505
2021-06-01,A5520110306,"AQ Gamer 3","Plus Black",5,639.6816,3198.4080
2021-08-01,A5520110306,"AQ Gamer 3","Plus Black",13,639.6816,8315.8608
2021-06-01,A5520110307,"AQ Gamer 3","Premium Black",7,609.7926,4268.5482
2021-08-01,A5520110307,"AQ Gamer 3","Premium Black",10,609.7926,6097.9260
2021-06-01,A5520110308,"AQ Gamer 3","Premium Misty Green",15,590.1159,8851.7385
2021-08-01,A5520110308,"AQ Gamer 3","Premium Misty Green",16,590.1159,9441.8544
2021-06-01,A5620110401,"AQ Smash 1","Standard Firey Red",11,642.0698,7062.7678
2021-08-01,A5620110401,"AQ Smash 1","Standard Firey Red",11,642.0698,7062.7678
2021-06-01,A5620110402,"AQ Smash 1","Standard Cool Blue",8,593.8297,4750.6376
2021-08-01,A5620110402,"AQ Smash 1","Standard Cool Blue",6,593.8297,3562.9782
2021-06-01,A5621110403,"AQ Smash 1","Standard Black",17,631.1855,10730.1535
2021-08-01,A5621110403,"AQ Smash 1","Standard Black",11,631.1855,6943.0405
2021-06-01,A5621110404,"AQ Smash 1","Plus Firey Red",3,639.9614,1919.8842
2021-08-01,A5621110404,"AQ Smash 1","Plus Firey Red",8,639.9614,5119.6912
2021-06-01,A5621110405,"AQ Smash 1","Plus Cool Blue",14,601.8173,8425.4422
2021-08-01,A5621110405,"AQ Smash 1","Plus Cool Blue",17,601.8173,10230.8941
2021-06-01,A5621110406,"AQ Smash 1","Plus Black",17,644.3777,10954.4209
2021-08-01,A5621110406,"AQ Smash 1","Plus Black",4,644.3777,2577.5108
2021-06-01,A5621110407,"AQ Smash 1","Premium Black",10,655.7782,6557.7820
2021-08-01,A5621110407,"AQ Smash 1","Premium Black",10,655.7782,6557.7820
2021-06-01,A5621110408,"AQ Smash 1","Premium Misty Green",16,657.2525,10516.0400
2021-08-01,A5621110408,"AQ Smash 1","Premium Misty Green",3,657.2525,1971.7575
2021-06-01,A5721110501,"AQ Smash 2","Standard Firey Red",11,649.6929,7146.6219
2021-08-01,A5721110501,"AQ Smash 2","Standard Firey Red",12,649.6929,7796.3148
2021-06-01,A5721110502,"AQ Smash 2","Standard Cool Blue",6,627.9938,3767.9628
2021-08-01,A5721110502,"AQ Smash 2","Standard Cool Blue",11,627.9938,6907.9318
2021-06-01,A5721110503,"AQ Smash 2","Standard Black",5,678.3035,3391.5175
2021-08-01,A5721110503,"AQ Smash 2","Standard Black",4,678.3035,2713.2140
2021-06-01,A5721110504,"AQ Smash 2","Plus Firey Red",5,655.8348,3279.1740
2021-08-01,A5721110504,"AQ Smash 2","Plus Firey Red",5,655.8348,3279.1740
2021-06-01,A5721110505,"AQ Smash 2","Plus Cool Blue",7,674.4272,4720.9904
2021-08-01,A5721110505,"AQ Smash 2","Plus Cool Blue",3,674.4272,2023.2816
2021-06-01,A5721110506,"AQ Smash 2","Plus Black",9,720.5460,6484.9140
2021-08-01,A5721110506,"AQ Smash 2","Plus Black",16,720.5460,11528.7360
2021-06-01,A5820110101,"AQ BZ Allin1","Standard 1",12,681.3022,8175.6264
2021-08-01,A5820110101,"AQ BZ Allin1","Standard 1",19,681.3022,12944.7418
2021-06-01,A5820110102,"AQ BZ Allin1","Standard 2",14,697.5541,9765.7574
2021-08-01,A5820110102,"AQ BZ Allin1","Standard 2",14,697.5541,9765.7574
2021-06-01,A5820110103,"AQ BZ Allin1","Standard 3",21,735.1465,15438.0765
2021-08-01,A5820110103,"AQ BZ Allin1","Standard 3",15,735.1465,11027.1975
2021-06-01,A5820110104,"AQ BZ Allin1","Plus 1",6,690.4971,4142.9826
2021-08-01,A5820110104,"AQ BZ Allin1","Plus 1",19,690.4971,13119.4449
2021-06-01,A5820110105,"AQ BZ Allin1","Plus 2",10,709.3926,7093.9260
2021-08-01,A5820110105,"AQ BZ Allin1","Plus 2",7,709.3926,4965.7482
2021-06-01,A5820110106,"AQ BZ Allin1","Plus 3",25,692.5242,17313.1050
2021-08-01,A5820110106,"AQ BZ Allin1","Plus 3",21,692.5242,14543.0082
2021-06-01,A5820110107,"AQ BZ Allin1","Premium 1",10,737.6775,7376.7750
2021-08-01,A5820110107,"AQ BZ Allin1","Premium 1",16,737.6775,11802.8400
2021-06-01,A5821110108,"AQ BZ Allin1","Premium 2",11,746.7388,8214.1268
2021-08-01,A5821110108,"AQ BZ Allin1","Premium 2",13,746.7388,9707.6044
2021-06-01,A6018110101,"AQ Home Allin1","Standard 1",4,800.4577,3201.8308
2021-08-01,A6018110101,"AQ Home Allin1","Standard 1",3,800.4577,2401.3731
2021-06-01,A6018110102,"AQ Home Allin1","Standard 2",4,764.0542,3056.2168
2021-08-01,A6018110102,"AQ Home Allin1","Standard 2",5,764.0542,3820.2710
2021-06-01,A6018110103,"AQ Home Allin1","Standard 3",4,770.9789,3083.9156
2021-08-01,A6018110103,"AQ Home Allin1","Standard 3",5,770.9789,3854.8945
2021-06-01,A6018110104,"AQ Home Allin1","Plus 1",3,749.0987,2247.2961
2021-08-01,A6018110104,"AQ Home Allin1","Plus 1",4,749.0987,2996.3948
2021-06-01,A6018110105,"AQ Home Allin1","Plus 2",1,766.6472,766.6472
2021-08-01,A6018110105,"AQ Home Allin1","Plus 2",6,766.6472,4599.8832
2021-06-01,A6018110106,"AQ Home Allin1","Plus 3",2,787.5874,1575.1748
2021-08-01,A6018110106,"AQ Home Allin1","Plus 3",5,787.5874,3937.9370
2021-06-01,A6019110107,"AQ Home Allin1","Premium 1",2,785.9918,1571.9836
2021-08-01,A6019110107,"AQ Home Allin1","Premium 1",3,785.9918,2357.9754
2021-06-01,A6019110108,"AQ Home Allin1","Premium 2",2,796.6606,1593.3212
2021-08-01,A6019110108,"AQ Home Allin1","Premium 2",1,796.6606,796.6606
2021-06-01,A6119110201,"AQ HOME Allin1 Gen 2","Standard 1",1,824.0889,824.0889
2021-08-01,A6119110201,"AQ HOME Allin1 Gen 2","Standard 1",5,824.0889,4120.4445
2021-06-01,A6119110202,"AQ HOME Allin1 Gen 2","Standard 2",5,790.1040,3950.5200
2021-08-01,A6119110202,"AQ HOME Allin1 Gen 2","Standard 2",6,790.1040,4740.6240
2021-06-01,A6119110203,"AQ HOME Allin1 Gen 2","Standard 3",3,769.5635,2308.6905
2021-08-01,A6119110203,"AQ HOME Allin1 Gen 2","Standard 3",3,769.5635,2308.6905
2021-06-01,A6119110204,"AQ HOME Allin1 Gen 2","Plus 1",6,807.2638,4843.5828
2021-08-01,A6119110204,"AQ HOME Allin1 Gen 2","Plus 1",5,807.2638,4036.3190
2021-06-01,A6120110205,"AQ HOME Allin1 Gen 2","Plus 2",1,834.9812,834.9812
2021-08-01,A6120110205,"AQ HOME Allin1 Gen 2","Plus 2",1,834.9812,834.9812
2021-06-01,A6120110206,"AQ HOME Allin1 Gen 2","Plus 3",5,810.6034,4053.0170
2021-08-01,A6120110206,"AQ HOME Allin1 Gen 2","Plus 3",3,810.6034,2431.8102
2021-06-01,A6218160101,"AQ Digit SSD",Standard,1011,13.5941,13743.6351
2021-08-01,A6218160101,"AQ Digit SSD",Standard,886,13.5941,12044.3726
2021-06-01,A6218160102,"AQ Digit SSD",Plus,364,15.2481,5550.3084
2021-08-01,A6218160102,"AQ Digit SSD",Plus,270,15.2481,4116.9870
2021-06-01,A6219160103,"AQ Digit SSD",Premium,168,16.3003,2738.4504
2021-08-01,A6219160103,"AQ Digit SSD",Premium,487,16.3003,7938.2461
2021-06-01,A6319160201,"AQ Neuer SSD",Standard,666,17.3590,11561.0940
2021-08-01,A6319160201,"AQ Neuer SSD",Standard,743,17.3590,12897.7370
2021-06-01,A6319160202,"AQ Neuer SSD",Plus,697,18.5733,12945.5901
2021-08-01,A6319160202,"AQ Neuer SSD",Plus,574,18.5733,10661.0742
2021-06-01,A6319160203,"AQ Neuer SSD",Premium,826,19.3433,15977.5658
2021-08-01,A6319160203,"AQ Neuer SSD",Premium,449,19.3433,8685.1417
2021-06-01,A6419160301,"AQ Clx1",Standard,865,17.8043,15400.7195
2021-08-01,A6419160301,"AQ Clx1",Standard,572,17.8043,10184.0596
2021-06-01,A6419160302,"AQ Clx1",Plus,959,19.6723,18865.7357
2021-08-01,A6419160302,"AQ Clx1",Plus,926,19.6723,18216.5498
2021-06-01,A6419160303,"AQ Clx1",Premium,620,19.3342,11987.2040
2021-08-01,A6419160303,"AQ Clx1",Premium,772,19.3342,14926.0024
2021-06-01,A6519160401,"AQ Clx2",Standard,957,20.2889,19416.4773
2021-08-01,A6519160401,"AQ Clx2",Standard,778,20.2889,15784.7642
2021-06-01,A6520160402,"AQ Clx2",Plus,352,20.1650,7098.0800
2021-08-01,A6520160402,"AQ Clx2",Plus,110,20.1650,2218.1500
2021-06-01,A6520160403,"AQ Clx2",Premium,410,21.2830,8726.0300
2021-08-01,A6520160403,"AQ Clx2",Premium,940,21.2830,20006.0200
2021-06-01,A6620160501,"AQ Clx3",Standard,763,22.8530,17436.8390
2021-08-01,A6620160501,"AQ Clx3",Standard,339,22.8530,7747.1670
2021-06-01,A6720160103,"AQ Pen Drive 2 IN 1",Premium,1123,4.4411,4987.3553
2021-08-01,A6720160103,"AQ Pen Drive 2 IN 1",Premium,433,4.4411,1922.9963
2021-06-01,A6818160201,"AQ Pen Drive DRC",Standard,1232,2.9990,3694.7680
2021-08-01,A6818160201,"AQ Pen Drive DRC",Standard,774,2.9990,2321.2260
2021-06-01,A6818160202,"AQ Pen Drive DRC",Plus,1295,3.8531,4989.7645
2021-08-01,A6818160202,"AQ Pen Drive DRC",Plus,1538,3.8531,5926.0678
2021-06-01,A6819160203,"AQ Pen Drive DRC",Premium,1186,5.0984,6046.7024
2021-08-01,A6819160203,"AQ Pen Drive DRC",Premium,436,5.0984,2222.9024
2021-06-01,A7118160101,"AQ Wi Power Dx1",Standard,533,29.6712,15814.7496
2021-08-01,A7118160101,"AQ Wi Power Dx1",Standard,251,29.6712,7447.4712
2021-06-01,A7119160102,"AQ Wi Power Dx1",Plus,348,29.9264,10414.3872
2021-08-01,A7119160102,"AQ Wi Power Dx1",Plus,454,29.9264,13586.5856
2021-06-01,A7119160103,"AQ Wi Power Dx1",Premium,444,28.7736,12775.4784
2021-08-01,A7119160103,"AQ Wi Power Dx1",Premium,137,28.7736,3941.9832
2021-06-01,A7219160201,"AQ Wi Power Dx2",Standard,478,32.9575,15753.6850
2021-08-01,A7219160201,"AQ Wi Power Dx2",Standard,531,32.9575,17500.4325
2021-06-01,A7220160202,"AQ Wi Power Dx2",Plus,541,35.2053,19046.0673
2021-08-01,A7220160202,"AQ Wi Power Dx2",Plus,264,35.2053,9294.1992
2021-06-01,A7220160203,"AQ Wi Power Dx2",Premium,305,37.4784,11430.9120
2021-08-01,A7220160203,"AQ Wi Power Dx2",Premium,586,37.4784,21962.3424
2021-06-01,A7321160301,"AQ Wi Power Dx3",Standard,174,40.7954,7098.3996
2021-08-01,A7321160301,"AQ Wi Power Dx3",Standard,459,40.7954,18725.0886
2021-06-01,A7321160302,"AQ Wi Power Dx3",Plus,624,43.9446,27421.4304
2021-08-01,A7321160302,"AQ Wi Power Dx3",Plus,193,43.9446,8481.3078
2021-06-01,A7321160303,"AQ Wi Power Dx3",Premium,289,42.8483,12383.1587
2021-08-01,A7321160303,"AQ Wi Power Dx3",Premium,158,42.8483,6770.0314
